{"init_params": {"cat_dims": [], "cat_emb_dim": [], "cat_idxs": [], "clip_value": 1, "device_name": "auto", "epsilon": 1e-15, "gamma": 1.5054430691882108, "grouped_features": [], "input_dim": 1586, "lambda_sparse": 0.0007524843721014715, "mask_type": "sparsemax", "momentum": 0.02, "n_a": 61, "n_d": 13, "n_indep_decoder": 1, "n_independent": 2, "n_shared": 2, "n_shared_decoder": 1, "n_steps": 8, "optimizer_params": {"lr": 0.0758404427439881}, "output_dim": 7, "scheduler_fn": null, "scheduler_params": {}, "seed": 0, "verbose": 1}, "class_attrs": {"preds_mapper": {"0": "akiec", "1": "bcc", "2": "bkl", "3": "df", "4": "mel", "5": "nv", "6": "vasc"}}}