{"init_params": {"cat_dims": [], "cat_emb_dim": [], "cat_idxs": [], "clip_value": 1, "device_name": "auto", "epsilon": 1e-15, "gamma": 1.9430265564004006, "grouped_features": [], "input_dim": 306, "lambda_sparse": 0.004619155652168541, "mask_type": "sparsemax", "momentum": 0.02, "n_a": 11, "n_d": 17, "n_indep_decoder": 1, "n_independent": 2, "n_shared": 2, "n_shared_decoder": 1, "n_steps": 4, "optimizer_params": {"lr": 0.07246110742248404}, "output_dim": 7, "scheduler_fn": null, "scheduler_params": {}, "seed": 0, "verbose": 1}, "class_attrs": {"preds_mapper": {"0": "akiec", "1": "bcc", "2": "bkl", "3": "df", "4": "mel", "5": "nv", "6": "vasc"}}}